codigo_submodalidade_v2,modalidade_v2,submodalidade_v2,cliente,origem,modalidade_v1,modalidade_v1_alternativa,modalidade_v1_inferida,regra,ambiguidade
0101,Adiantamentos a depositantes,Adiantamentos a depositantes,PF,Sem destinação específica,PF - Outros créditos,,,base,
0101,Adiantamentos a depositantes,Adiantamentos a depositantes,PF,Com destinação específica,PF - Outros créditos,,,base,
0101,Adiantamentos a depositantes,Adiantamentos a depositantes,PJ,Sem destinação específica,PJ - Outros créditos,,,base,
0101,Adiantamentos a depositantes,Adiantamentos a depositantes,PJ,Com destinação específica,PJ - Financiamento de infraestrutura/desenvolvimento/projeto e outros créditos,,,base,
0202,Empréstimos,Crédito pessoal - com consignação em folha de pagam.,PF,Sem destinação específica,PF - Empréstimo com consignação em folha,,,base,
0202,Empréstimos,Crédito pessoal - com consignação em folha de pagam.,PF,Com destinação específica,PF - Empréstimo com consignação em folha,,,base,
0202,Empréstimos,Crédito pessoal - com consignação em folha de pagam.,PJ,Sem destinação específica,PF - Empréstimo com consignação em folha,,,tratamento_1,
0202,Empréstimos,Crédito pessoal - com consignação em folha de pagam.,PJ,Com destinação específica,PF - Empréstimo com consignação em folha,,,tratamento_1,
0203,Empréstimos,Crédito pessoal - sem consignação em folha de pagam.,PF,Sem destinação específica,PF - Empréstimo sem consignação em folha,,,base,
0203,Empréstimos,Crédito pessoal - sem consignação em folha de pagam.,PF,Com destinação específica,PF - Empréstimo sem consignação em folha,,,base,
0203,Empréstimos,Crédito pessoal - sem consignação em folha de pagam.,PJ,Sem destinação específica,PF - Empréstimo sem consignação em folha,,,tratamento_1,
0203,Empréstimos,Crédito pessoal - sem consignação em folha de pagam.,PJ,Com destinação específica,PF - Empréstimo sem consignação em folha,,,tratamento_1,
0204,Empréstimos,Crédito rotativo vinculado a cartão de crédito,PF,Sem destinação específica,PF - Cartão de crédito,,,base,
0204,Empréstimos,Crédito rotativo vinculado a cartão de crédito,PF,Com destinação específica,PF - Cartão de crédito,,,base,
0204,Empréstimos,Crédito rotativo vinculado a cartão de crédito,PJ,Sem destinação específica,PJ - Outros créditos,,,base,
0204,Empréstimos,Crédito rotativo vinculado a cartão de crédito,PJ,Com destinação específica,PJ - Financiamento de infraestrutura/desenvolvimento/projeto e outros créditos,,,base,
0207,Empréstimos,Vendor,PF,Sem destinação específica,PF - Outros créditos,,,base,
0207,Empréstimos,Vendor,PF,Com destinação específica,PF - Outros créditos,,,base,
0207,Empréstimos,Vendor,PJ,Sem destinação específica,PJ - Operações com recebíveis,,,base,
0207,Empréstimos,Vendor,PJ,Com destinação específica,PJ - Financiamento de infraestrutura/desenvolvimento/projeto e outros créditos,,,base,
0208,Empréstimos,Compror,PF,Sem destinação específica,PF - Outros créditos,,,base,
0208,Empréstimos,Compror,PF,Com destinação específica,PF - Outros créditos,,,base,
0208,Empréstimos,Compror,PJ,Sem destinação específica,PJ - Operações com recebíveis,,,base,
0208,Empréstimos,Compror,PJ,Com destinação específica,PJ - Financiamento de infraestrutura/desenvolvimento/projeto e outros créditos,,,base,
0209,Empréstimos,ARO - adiantamento de receitas orçamentárias,PF,Sem destinação específica,PF - Outros créditos,,,base,
0209,Empréstimos,ARO - adiantamento de receitas orçamentárias,PF,Com destinação específica,PF - Outros créditos,,,base,
0209,Empréstimos,ARO - adiantamento de receitas orçamentárias,PJ,Sem destinação específica,PJ - Outros créditos,,,base,
0209,Empréstimos,ARO - adiantamento de receitas orçamentárias,PJ,Com destinação específica,PJ - Financiamento de infraestrutura/desenvolvimento/projeto e outros créditos,,,base,
0210,Empréstimos,"Cartão de crédito - compra, fatura parcelada ou saque financiado pela instituição financeira emitente do cartão",PF,Sem destinação específica,PF - Cartão de crédito,,,base,
0210,Empréstimos,"Cartão de crédito - compra, fatura parcelada ou saque financiado pela instituição financeira emitente do cartão",PF,Com destinação específica,PF - Cartão de crédito,,,base,
0210,Empréstimos,"Cartão de crédito - compra, fatura parcelada ou saque financiado pela instituição financeira emitente do cartão",PJ,Sem destinação específica,PJ - Outros créditos,,,base,
0210,Empréstimos,"Cartão de crédito - compra, fatura parcelada ou saque financiado pela instituição financeira emitente do cartão",PJ,Com destinação específica,PJ - Financiamento de infraestrutura/desenvolvimento/projeto e outros créditos,,,base,
0211,Empréstimos,Home Equity,PF,Sem destinação específica,PF - Outros créditos,,,base,
0211,Empréstimos,Home Equity,PF,Com destinação específica,PF - Outros créditos,,,base,
0211,Empréstimos,Home Equity,PJ,Sem destinação específica,PJ - Outros créditos,,,base,
0211,Empréstimos,Home Equity,PJ,Com destinação específica,PJ - Financiamento de infraestrutura/desenvolvimento/projeto e outros créditos,,,base,
0212,Empréstimos,Microcrédito,PF,Sem destinação específica,PF - Outros créditos,,,base,
0212,Empréstimos,Microcrédito,PF,Com destinação específica,PF - Outros créditos,,,base,
0212,Empréstimos,Microcrédito,PJ,Sem destinação específica,PJ - Outros créditos,,,base,
0212,Empréstimos,Microcrédito,PJ,Com destinação específica,PJ - Financiamento de infraestrutura/desenvolvimento/projeto e outros créditos,,,base,
0213,Empréstimos,Cheque especial,PF,Sem destinação específica,PF - Outros créditos,,,base,
0213,Empréstimos,Cheque especial,PF,Com destinação específica,PF - Outros créditos,,,base,
0213,Empréstimos,Cheque especial,PJ,Sem destinação específica,PJ - Cheque especial e conta garantida,,,base,
0213,Empréstimos,Cheque especial,PJ,Com destinação específica,PJ - Financiamento de infraestrutura/desenvolvimento/projeto e outros créditos,,,base,
0214,Empréstimos,Conta Garantida,PF,Sem destinação específica,PF - Outros créditos,,,base,
0214,Empréstimos,Conta Garantida,PF,Com destinação específica,PF - Outros créditos,,,base,
0214,Empréstimos,Conta Garantida,PJ,Sem destinação específica,PJ - Cheque especial e conta garantida,,,base,
0214,Empréstimos,Conta Garantida,PJ,Com destinação específica,PJ - Financiamento de infraestrutura/desenvolvimento/projeto e outros créditos,,,base,
0215,Empréstimos,Capital de giro com prazo de vencimento até 365 dias,PF,Sem destinação específica,PF - Outros créditos,,,base,
0215,Empréstimos,Capital de giro com prazo de vencimento até 365 dias,PF,Com destinação específica,PF - Outros créditos,,,base,
0215,Empréstimos,Capital de giro com prazo de vencimento até 365 dias,PJ,Sem destinação específica,PJ - Capital de giro,,,base,
0215,Empréstimos,Capital de giro com prazo de vencimento até 365 dias,PJ,Com destinação específica,PJ - Financiamento de infraestrutura/desenvolvimento/projeto e outros créditos,,,base,
0216,Empréstimos,Capital de giro com prazo de vencimento superior a 365 dias,PF,Sem destinação específica,PF - Outros créditos,,,base,
0216,Empréstimos,Capital de giro com prazo de vencimento superior a 365 dias,PF,Com destinação específica,PF - Outros créditos,,,base,
0216,Empréstimos,Capital de giro com prazo de vencimento superior a 365 dias,PJ,Sem destinação específica,PJ - Capital de giro,,,base,
0216,Empréstimos,Capital de giro com prazo de vencimento superior a 365 dias,PJ,Com destinação específica,PJ - Financiamento de infraestrutura/desenvolvimento/projeto e outros créditos,,,base,
0217,Empréstimos,Capital de giro com teto rotativo,PF,Sem destinação específica,PF - Outros créditos,,,base,
0217,Empréstimos,Capital de giro com teto rotativo,PF,Com destinação específica,PF - Outros créditos,,,base,
0217,Empréstimos,Capital de giro com teto rotativo,PJ,Sem destinação específica,PJ - Capital de giro,,,base,
0217,Empréstimos,Capital de giro com teto rotativo,PJ,Com destinação específica,PJ - Financiamento de infraestrutura/desenvolvimento/projeto e outros créditos,,,base,
0218,Empréstimos,Cartão de crédito - não migrado,PF,Sem destinação específica,PF - Cartão de crédito,,,base,
0218,Empréstimos,Cartão de crédito - não migrado,PF,Com destinação específica,PF - Cartão de crédito,,,base,
0218,Empréstimos,Cartão de crédito - não migrado,PJ,Sem destinação específica,PJ - Outros créditos,,,base,
0218,Empréstimos,Cartão de crédito - não migrado,PJ,Com destinação específica,PJ - Financiamento de infraestrutura/desenvolvimento/projeto e outros créditos,,,base,
0250,Empréstimos,Recebíveis adquiridos,PF,Sem destinação específica,PF - Outros créditos,,,base,
0250,Empréstimos,Recebíveis adquiridos,PF,Com destinação específica,PF - Outros créditos,,,base,
0250,Empréstimos,Recebíveis adquiridos,PJ,Sem destinação específica,PJ - Operações com recebíveis,,,base,
0250,Empréstimos,Recebíveis adquiridos,PJ,Com destinação específica,PJ - Financiamento de infraestrutura/desenvolvimento/projeto e outros créditos,,,base,
0290,Empréstimos,Financiamento de projeto,PF,Sem destinação específica,PF - Outros créditos,,,base,
0290,Empréstimos,Financiamento de projeto,PF,Com destinação específica,PF - Outros créditos,,,base,
0290,Empréstimos,Financiamento de projeto,PJ,Sem destinação específica,PJ - Outros créditos,,,base,
0290,Empréstimos,Financiamento de projeto,PJ,Com destinação específica,PJ - Financiamento de infraestrutura/desenvolvimento/projeto e outros créditos,,,base,
0299,Empréstimos,Outros empréstimos,PF,Sem destinação específica,PF - Outros créditos,,,base,
0299,Empréstimos,Outros empréstimos,PF,Com destinação específica,PF - Outros créditos,,,base,
0299,Empréstimos,Outros empréstimos,PJ,Sem destinação específica,PJ - Outros créditos,,,base,
0299,Empréstimos,Outros empréstimos,PJ,Com destinação específica,PJ - Financiamento de infraestrutura/desenvolvimento/projeto e outros créditos,,,base,
0301,Direitos creditórios descontados,Desconto de duplicatas,PF,Sem destinação específica,PF - Outros créditos,,,base,
0301,Direitos creditórios descontados,Desconto de duplicatas,PF,Com destinação específica,PF - Outros créditos,,,base,
0301,Direitos creditórios descontados,Desconto de duplicatas,PJ,Sem destinação específica,PJ - Operações com recebíveis,,,base,
0301,Direitos creditórios descontados,Desconto de duplicatas,PJ,Com destinação específica,PJ - Financiamento de infraestrutura/desenvolvimento/projeto e outros créditos,,,base,
0302,Direitos creditórios descontados,Desconto de cheques,PF,Sem destinação específica,PF - Outros créditos,,,base,
0302,Direitos creditórios descontados,Desconto de cheques,PF,Com destinação específica,PF - Outros créditos,,,base,
0302,Direitos creditórios descontados,Desconto de cheques,PJ,Sem destinação específica,PJ - Operações com recebíveis,,,base,
0302,Direitos creditórios descontados,Desconto de cheques,PJ,Com destinação específica,PJ - Financiamento de infraestrutura/desenvolvimento/projeto e outros créditos,,,base,
0303,Direitos creditórios descontados,Antecipação de fatura de cartão de crédito,PF,Sem destinação específica,PF - Outros créditos,,,base,
0303,Direitos creditórios descontados,Antecipação de fatura de cartão de crédito,PF,Com destinação específica,PF - Outros créditos,,,base,
0303,Direitos creditórios descontados,Antecipação de fatura de cartão de crédito,PJ,Sem destinação específica,PJ - Operações com recebíveis,,,base,
0303,Direitos creditórios descontados,Antecipação de fatura de cartão de crédito,PJ,Com destinação específica,PJ - Financiamento de infraestrutura/desenvolvimento/projeto e outros créditos,,,base,
0398,Direitos creditórios descontados,Outros direitos creditórios descontados,PF,Sem destinação específica,PF - Outros créditos,,,base,
0398,Direitos creditórios descontados,Outros direitos creditórios descontados,PF,Com destinação específica,PF - Outros créditos,,,base,
0398,Direitos creditórios descontados,Outros direitos creditórios descontados,PJ,Sem destinação específica,PJ - Operações com recebíveis,,,base,
0398,Direitos creditórios descontados,Outros direitos creditórios descontados,PJ,Com destinação específica,PJ - Financiamento de infraestrutura/desenvolvimento/projeto e outros créditos,,,base,
0399,Direitos creditórios descontados,Outros títulos descontados,PF,Sem destinação específica,PF - Outros créditos,,,base,
0399,Direitos creditórios descontados,Outros títulos descontados,PF,Com destinação específica,PF - Outros créditos,,,base,
0399,Direitos creditórios descontados,Outros títulos descontados,PJ,Sem destinação específica,PJ - Operações com recebíveis,,,base,
0399,Direitos creditórios descontados,Outros títulos descontados,PJ,Com destinação específica,PJ - Financiamento de infraestrutura/desenvolvimento/projeto e outros créditos,,,base,
0401,Financiamentos,Aquisição de bens - veículos automotores,PF,Sem destinação específica,PF - Veículos,,,base,
0401,Financiamentos,Aquisição de bens - veículos automotores,PF,Com destinação específica,PF - Veículos,,,base,
0401,Financiamentos,Aquisição de bens - veículos automotores,PJ,Sem destinação específica,PJ - Investimento,PF - Veículos,,tratamento_2,natureza_nao_publicada
0401,Financiamentos,Aquisição de bens - veículos automotores,PJ,Com destinação específica,PJ - Financiamento de infraestrutura/desenvolvimento/projeto e outros créditos,PF - Veículos,,tratamento_2,natureza_nao_publicada
0402,Financiamentos,Aquisição de bens - outros bens,PF,Sem destinação específica,PF - Outros créditos,,,base,
0402,Financiamentos,Aquisição de bens - outros bens,PF,Com destinação específica,PF - Outros créditos,,,base,
0402,Financiamentos,Aquisição de bens - outros bens,PJ,Sem destinação específica,PJ - Investimento,,,base,
0402,Financiamentos,Aquisição de bens - outros bens,PJ,Com destinação específica,PJ - Financiamento de infraestrutura/desenvolvimento/projeto e outros créditos,,,base,
0403,Financiamentos,Microcrédito,PF,Sem destinação específica,PF - Outros créditos,,,base,
0403,Financiamentos,Microcrédito,PF,Com destinação específica,PF - Outros créditos,,,base,
0403,Financiamentos,Microcrédito,PJ,Sem destinação específica,PJ - Investimento,,,base,
0403,Financiamentos,Microcrédito,PJ,Com destinação específica,PJ - Financiamento de infraestrutura/desenvolvimento/projeto e outros créditos,,,base,
0404,Financiamentos,Vendor,PF,Sem destinação específica,PF - Outros créditos,,,base,
0404,Financiamentos,Vendor,PF,Com destinação específica,PF - Outros créditos,,,base,
0404,Financiamentos,Vendor,PJ,Sem destinação específica,PJ - Operações com recebíveis,,,base,
0404,Financiamentos,Vendor,PJ,Com destinação específica,PJ - Financiamento de infraestrutura/desenvolvimento/projeto e outros créditos,,,base,
0405,Financiamentos,Compror,PF,Sem destinação específica,PF - Outros créditos,,,base,
0405,Financiamentos,Compror,PF,Com destinação específica,PF - Outros créditos,,,base,
0405,Financiamentos,Compror,PJ,Sem destinação específica,PJ - Operações com recebíveis,,,base,
0405,Financiamentos,Compror,PJ,Com destinação específica,PJ - Financiamento de infraestrutura/desenvolvimento/projeto e outros créditos,,,base,
0406,Financiamentos,Cartão de crédito - compra ou fatura parcelada pela instituição financeira emitente do cartão,PF,Sem destinação específica,PF - Cartão de crédito,,,base,
0406,Financiamentos,Cartão de crédito - compra ou fatura parcelada pela instituição financeira emitente do cartão,PF,Com destinação específica,PF - Cartão de crédito,,,base,
0406,Financiamentos,Cartão de crédito - compra ou fatura parcelada pela instituição financeira emitente do cartão,PJ,Sem destinação específica,PJ - Outros créditos,,,base,
0406,Financiamentos,Cartão de crédito - compra ou fatura parcelada pela instituição financeira emitente do cartão,PJ,Com destinação específica,PJ - Financiamento de infraestrutura/desenvolvimento/projeto e outros créditos,,,base,
0440,Financiamentos,Financiamentos agroindustriais,PF,Sem destinação específica,PF - Outros créditos,,,base,
0440,Financiamentos,Financiamentos agroindustriais,PF,Com destinação específica,PF - Outros créditos,,,base,
0440,Financiamentos,Financiamentos agroindustriais,PJ,Sem destinação específica,PJ - Investimento,,,base,
0440,Financiamentos,Financiamentos agroindustriais,PJ,Com destinação específica,PJ - Financiamento de infraestrutura/desenvolvimento/projeto e outros créditos,,,base,
0450,Financiamentos,Recebíveis adquiridos,PF,Sem destinação específica,PF - Outros créditos,,,base,
0450,Financiamentos,Recebíveis adquiridos,PF,Com destinação específica,PF - Outros créditos,,,base,
0450,Financiamentos,Recebíveis adquiridos,PJ,Sem destinação específica,PJ - Operações com recebíveis,,,base,
0450,Financiamentos,Recebíveis adquiridos,PJ,Com destinação específica,PJ - Financiamento de infraestrutura/desenvolvimento/projeto e outros créditos,,,base,
0490,Financiamentos,Financiamento de projeto,PF,Sem destinação específica,PF - Outros créditos,,,base,
0490,Financiamentos,Financiamento de projeto,PF,Com destinação específica,PF - Outros créditos,,,base,
0490,Financiamentos,Financiamento de projeto,PJ,Sem destinação específica,PJ - Investimento,,,base,
0490,Financiamentos,Financiamento de projeto,PJ,Com destinação específica,PJ - Financiamento de infraestrutura/desenvolvimento/projeto e outros créditos,,,base,
0499,Financiamentos,Outros financiamentos,PF,Sem destinação específica,PF - Outros créditos,,,base,
0499,Financiamentos,Outros financiamentos,PF,Com destinação específica,PF - Outros créditos,,,base,
0499,Financiamentos,Outros financiamentos,PJ,Sem destinação específica,PJ - Investimento,,,base,
0499,Financiamentos,Outros financiamentos,PJ,Com destinação específica,PJ - Financiamento de infraestrutura/desenvolvimento/projeto e outros créditos,,,base,
0501,Financiamentos à exportação,Financiamento à exportação,PF,Sem destinação específica,PF - Outros créditos,,,base,
0501,Financiamentos à exportação,Financiamento à exportação,PF,Com destinação específica,PF - Outros créditos,,,base,
0501,Financiamentos à exportação,Financiamento à exportação,PJ,Sem destinação específica,PJ - Comércio exterior,,,base,
0501,Financiamentos à exportação,Financiamento à exportação,PJ,Com destinação específica,PJ - Financiamento de infraestrutura/desenvolvimento/projeto e outros créditos,,,base,
0502,Financiamentos à exportação,Adiantamento sobre contratos de câmbio,PF,Sem destinação específica,PF - Outros créditos,,,base,
0502,Financiamentos à exportação,Adiantamento sobre contratos de câmbio,PF,Com destinação específica,PF - Outros créditos,,,base,
0502,Financiamentos à exportação,Adiantamento sobre contratos de câmbio,PJ,Sem destinação específica,PJ - Comércio exterior,,,base,
0502,Financiamentos à exportação,Adiantamento sobre contratos de câmbio,PJ,Com destinação específica,PJ - Financiamento de infraestrutura/desenvolvimento/projeto e outros créditos,,,base,
0503,Financiamentos à exportação,Adiantamento sobre cambiais entregues,PF,Sem destinação específica,PF - Outros créditos,,,base,
0503,Financiamentos à exportação,Adiantamento sobre cambiais entregues,PF,Com destinação específica,PF - Outros créditos,,,base,
0503,Financiamentos à exportação,Adiantamento sobre cambiais entregues,PJ,Sem destinação específica,PJ - Comércio exterior,,,base,
0503,Financiamentos à exportação,Adiantamento sobre cambiais entregues,PJ,Com destinação específica,PJ - Financiamento de infraestrutura/desenvolvimento/projeto e outros créditos,,,base,
0504,Financiamentos à exportação,Créd decorrentes de contratos de exportação-export note,PF,Sem destinação específica,PF - Outros créditos,,,base,
0504,Financiamentos à exportação,Créd decorrentes de contratos de exportação-export note,PF,Com destinação específica,PF - Outros créditos,,,base,
0504,Financiamentos à exportação,Créd decorrentes de contratos de exportação-export note,PJ,Sem destinação específica,PJ - Comércio exterior,,,base,
0504,Financiamentos à exportação,Créd decorrentes de contratos de exportação-export note,PJ,Com destinação específica,PJ - Financiamento de infraestrutura/desenvolvimento/projeto e outros créditos,,,base,
0590,Financiamentos à exportação,Financiamento de projeto,PF,Sem destinação específica,PF - Outros créditos,,,base,
0590,Financiamentos à exportação,Financiamento de projeto,PF,Com destinação específica,PF - Outros créditos,,,base,
0590,Financiamentos à exportação,Financiamento de projeto,PJ,Sem destinação específica,PJ - Comércio exterior,,,base,
0590,Financiamentos à exportação,Financiamento de projeto,PJ,Com destinação específica,PJ - Financiamento de infraestrutura/desenvolvimento/projeto e outros créditos,,,base,
0599,Financiamentos à exportação,Outros financiamentos à exportação,PF,Sem destinação específica,PF - Outros créditos,,,base,
0599,Financiamentos à exportação,Outros financiamentos à exportação,PF,Com destinação específica,PF - Outros créditos,,,base,
0599,Financiamentos à exportação,Outros financiamentos à exportação,PJ,Sem destinação específica,PJ - Comércio exterior,,,base,
0599,Financiamentos à exportação,Outros financiamentos à exportação,PJ,Com destinação específica,PJ - Financiamento de infraestrutura/desenvolvimento/projeto e outros créditos,,,base,
0601,Financiamentos à importação,Financiamento à importação,PF,Sem destinação específica,PF - Outros créditos,,,base,
0601,Financiamentos à importação,Financiamento à importação,PF,Com destinação específica,PF - Outros créditos,,,base,
0601,Financiamentos à importação,Financiamento à importação,PJ,Sem destinação específica,PJ - Comércio exterior,,,base,
0601,Financiamentos à importação,Financiamento à importação,PJ,Com destinação específica,PJ - Financiamento de infraestrutura/desenvolvimento/projeto e outros créditos,,,base,
0701,Financiamentos com interveniência,Aquisição de bens com interveniência - veículos autom.,PF,Sem destinação específica,PF - Veículos,,,base,
0701,Financiamentos com interveniência,Aquisição de bens com interveniência - veículos autom.,PF,Com destinação específica,PF - Veículos,,,base,
0701,Financiamentos com interveniência,Aquisição de bens com interveniência - veículos autom.,PJ,Sem destinação específica,PJ - Investimento,PF - Veículos,,tratamento_2,natureza_nao_publicada
0701,Financiamentos com interveniência,Aquisição de bens com interveniência - veículos autom.,PJ,Com destinação específica,PJ - Financiamento de infraestrutura/desenvolvimento/projeto e outros créditos,PF - Veículos,,tratamento_2,natureza_nao_publicada
0702,Financiamentos com interveniência,Aquisição de bens com interveniência - outros bens,PF,Sem destinação específica,PF - Outros créditos,,,base,
0702,Financiamentos com interveniência,Aquisição de bens com interveniência - outros bens,PF,Com destinação específica,PF - Outros créditos,,,base,
0702,Financiamentos com interveniência,Aquisição de bens com interveniência - outros bens,PJ,Sem destinação específica,PJ - Investimento,,,base,
0702,Financiamentos com interveniência,Aquisição de bens com interveniência - outros bens,PJ,Com destinação específica,PJ - Financiamento de infraestrutura/desenvolvimento/projeto e outros créditos,,,base,
0790,Financiamentos com interveniência,Financiamento de projeto,PF,Sem destinação específica,PF - Outros créditos,,,base,
0790,Financiamentos com interveniência,Financiamento de projeto,PF,Com destinação específica,PF - Outros créditos,,,base,
0790,Financiamentos com interveniência,Financiamento de projeto,PJ,Sem destinação específica,PJ - Investimento,,,base,
0790,Financiamentos com interveniência,Financiamento de projeto,PJ,Com destinação específica,PJ - Financiamento de infraestrutura/desenvolvimento/projeto e outros créditos,,,base,
0799,Financiamentos com interveniência,Outros financiamentos com interveniência,PF,Sem destinação específica,PF - Outros créditos,,,base,
0799,Financiamentos com interveniência,Outros financiamentos com interveniência,PF,Com destinação específica,PF - Outros créditos,,,base,
0799,Financiamentos com interveniência,Outros financiamentos com interveniência,PJ,Sem destinação específica,PJ - Investimento,,,base,
0799,Financiamentos com interveniência,Outros financiamentos com interveniência,PJ,Com destinação específica,PJ - Financiamento de infraestrutura/desenvolvimento/projeto e outros créditos,,,base,
0801,Financiamentos rurais  (ex-financiamentos rurais e agroindustriais),Custeio,PF,Sem destinação específica,PF - Rural e agroindustrial,,,base,
0801,Financiamentos rurais  (ex-financiamentos rurais e agroindustriais),Custeio,PF,Com destinação específica,PF - Rural e agroindustrial,,,base,
0801,Financiamentos rurais  (ex-financiamentos rurais e agroindustriais),Custeio,PJ,Sem destinação específica,PJ - Outros créditos,,,base,
0801,Financiamentos rurais  (ex-financiamentos rurais e agroindustriais),Custeio,PJ,Com destinação específica,PJ - Rural e agroindustrial,,,base,
0802,Financiamentos rurais  (ex-financiamentos rurais e agroindustriais),Investimento,PF,Sem destinação específica,PF - Rural e agroindustrial,,,base,
0802,Financiamentos rurais  (ex-financiamentos rurais e agroindustriais),Investimento,PF,Com destinação específica,PF - Rural e agroindustrial,,,base,
0802,Financiamentos rurais  (ex-financiamentos rurais e agroindustriais),Investimento,PJ,Sem destinação específica,PJ - Outros créditos,,,base,
0802,Financiamentos rurais  (ex-financiamentos rurais e agroindustriais),Investimento,PJ,Com destinação específica,PJ - Rural e agroindustrial,,,base,
0803,Financiamentos rurais  (ex-financiamentos rurais e agroindustriais),Comercialização,PF,Sem destinação específica,PF - Rural e agroindustrial,,,base,
0803,Financiamentos rurais  (ex-financiamentos rurais e agroindustriais),Comercialização,PF,Com destinação específica,PF - Rural e agroindustrial,,,base,
0803,Financiamentos rurais  (ex-financiamentos rurais e agroindustriais),Comercialização,PJ,Sem destinação específica,PJ - Outros créditos,,,base,
0803,Financiamentos rurais  (ex-financiamentos rurais e agroindustriais),Comercialização,PJ,Com destinação específica,PJ - Rural e agroindustrial,,,base,
0804,Financiamentos rurais  (ex-financiamentos rurais e agroindustriais),Industrialização,PF,Sem destinação específica,PF - Rural e agroindustrial,,,base,
0804,Financiamentos rurais  (ex-financiamentos rurais e agroindustriais),Industrialização,PF,Com destinação específica,PF - Rural e agroindustrial,,,base,
0804,Financiamentos rurais  (ex-financiamentos rurais e agroindustriais),Industrialização,PJ,Sem destinação específica,PJ - Outros créditos,,,base,
0804,Financiamentos rurais  (ex-financiamentos rurais e agroindustriais),Industrialização,PJ,Com destinação específica,PJ - Rural e agroindustrial,,,base,
0901,Financiamentos imobiliários,Financiamento habitacional - SFH,PF,Sem destinação específica,PF - Habitacional,,,base,
0901,Financiamentos imobiliários,Financiamento habitacional - SFH,PF,Com destinação específica,PF - Habitacional,,,base,
0901,Financiamentos imobiliários,Financiamento habitacional - SFH,PJ,Sem destinação específica,PJ - Investimento,,,base,
0901,Financiamentos imobiliários,Financiamento habitacional - SFH,PJ,Com destinação específica,PJ - Habitacional,,,base,
0902,Financiamentos imobiliários,Financiamento habitacional  exceto SFH,PF,Sem destinação específica,PF - Habitacional,,,base,
0902,Financiamentos imobiliários,Financiamento habitacional  exceto SFH,PF,Com destinação específica,PF - Habitacional,,,base,
0902,Financiamentos imobiliários,Financiamento habitacional  exceto SFH,PJ,Sem destinação específica,PJ - Investimento,,,base,
0902,Financiamentos imobiliários,Financiamento habitacional  exceto SFH,PJ,Com destinação específica,PJ - Habitacional,,,base,
0903,Financiamentos imobiliários,"Financiamento imobiliário - empreendim, exceto habitac.",PF,Sem destinação específica,PF - Outros créditos,,,base,
0903,Financiamentos imobiliários,"Financiamento imobiliário - empreendim, exceto habitac.",PF,Com destinação específica,PF - Outros créditos,,,base,
0903,Financiamentos imobiliários,"Financiamento imobiliário - empreendim, exceto habitac.",PJ,Sem destinação específica,PJ - Investimento,,,base,
0903,Financiamentos imobiliários,"Financiamento imobiliário - empreendim, exceto habitac.",PJ,Com destinação específica,PJ - Financiamento de infraestrutura/desenvolvimento/projeto e outros créditos,,,base,
0990,Financiamentos imobiliários,Financiamento de projeto,PF,Sem destinação específica,PF - Outros créditos,,,base,
0990,Financiamentos imobiliários,Financiamento de projeto,PF,Com destinação específica,PF - Outros créditos,,,base,
0990,Financiamentos imobiliários,Financiamento de projeto,PJ,Sem destinação específica,PJ - Investimento,,,base,
0990,Financiamentos imobiliários,Financiamento de projeto,PJ,Com destinação específica,PJ - Financiamento de infraestrutura/desenvolvimento/projeto e outros créditos,,,base,
1001,Financiamentos de títulos e valores mobiliários,Financiamento de TVM,PF,Sem destinação específica,PF - Outros créditos,,,base,
1001,Financiamentos de títulos e valores mobiliários,Financiamento de TVM,PF,Com destinação específica,PF - Outros créditos,,,base,
1001,Financiamentos de títulos e valores mobiliários,Financiamento de TVM,PJ,Sem destinação específica,PJ - Outros créditos,,,base,
1001,Financiamentos de títulos e valores mobiliários,Financiamento de TVM,PJ,Com destinação específica,PJ - Financiamento de infraestrutura/desenvolvimento/projeto e outros créditos,,,base,
1101,Financiamentos de infraestrutura e desenvolvimento,Financiamento de infraestrutura e desenvolvimento,PF,Sem destinação específica,PF - Outros créditos,,,base,
1101,Financiamentos de infraestrutura e desenvolvimento,Financiamento de infraestrutura e desenvolvimento,PF,Com destinação específica,PF - Outros créditos,,,base,
1101,Financiamentos de infraestrutura e desenvolvimento,Financiamento de infraestrutura e desenvolvimento,PJ,Sem destinação específica,PJ - Investimento,,,base,
1101,Financiamentos de infraestrutura e desenvolvimento,Financiamento de infraestrutura e desenvolvimento,PJ,Com destinação específica,PJ - Financiamento de infraestrutura/desenvolvimento/projeto e outros créditos,,,base,
1190,Financiamentos de infraestrutura e desenvolvimento,Financiamento de projeto,PF,Sem destinação específica,PF - Outros créditos,,,base,
1190,Financiamentos de infraestrutura e desenvolvimento,Financiamento de projeto,PF,Com destinação específica,PF - Outros créditos,,,base,
1190,Financiamentos de infraestrutura e desenvolvimento,Financiamento de projeto,PJ,Sem destinação específica,PJ - Investimento,,,base,
1190,Financiamentos de infraestrutura e desenvolvimento,Financiamento de projeto,PJ,Com destinação específica,PJ - Financiamento de infraestrutura/desenvolvimento/projeto e outros créditos,,,base,
1201,Operações de arrendamento,Arrendamento financeiro exceto veículos automotores e imóveis,PF,Sem destinação específica,PF - Veículos,,,base,
1201,Operações de arrendamento,Arrendamento financeiro exceto veículos automotores e imóveis,PF,Com destinação específica,PF - Veículos,,,base,
1201,Operações de arrendamento,Arrendamento financeiro exceto veículos automotores e imóveis,PJ,Sem destinação específica,PJ - Investimento,PF - Veículos,,tratamento_2,natureza_nao_publicada
1201,Operações de arrendamento,Arrendamento financeiro exceto veículos automotores e imóveis,PJ,Com destinação específica,PJ - Financiamento de infraestrutura/desenvolvimento/projeto e outros créditos,PF - Veículos,,tratamento_2,natureza_nao_publicada
1202,Operações de arrendamento,Arrendamento financeiro imobiliário,PF,Sem destinação específica,PF - Outros créditos,,,base,
1202,Operações de arrendamento,Arrendamento financeiro imobiliário,PF,Com destinação específica,PF - Outros créditos,,,base,
1202,Operações de arrendamento,Arrendamento financeiro imobiliário,PJ,Sem destinação específica,PJ - Investimento,,,base,
1202,Operações de arrendamento,Arrendamento financeiro imobiliário,PJ,Com destinação específica,PJ - Financiamento de infraestrutura/desenvolvimento/projeto e outros créditos,,,base,
1205,Operações de arrendamento,Arrendamento operacional,PF,Sem destinação específica,PF - Outros créditos,,,base,
1205,Operações de arrendamento,Arrendamento operacional,PF,Com destinação específica,PF - Outros créditos,,,base,
1205,Operações de arrendamento,Arrendamento operacional,PJ,Sem destinação específica,PJ - Investimento,,,base,
1205,Operações de arrendamento,Arrendamento operacional,PJ,Com destinação específica,PJ - Financiamento de infraestrutura/desenvolvimento/projeto e outros créditos,,,base,
1206,Operações de arrendamento,Arrendamento financeiro de veículos automotores,PF,Sem destinação específica,PF - Veículos,,,base,
1206,Operações de arrendamento,Arrendamento financeiro de veículos automotores,PF,Com destinação específica,PF - Veículos,,,base,
1206,Operações de arrendamento,Arrendamento financeiro de veículos automotores,PJ,Sem destinação específica,PJ - Investimento,PF - Veículos,,tratamento_2,natureza_nao_publicada
1206,Operações de arrendamento,Arrendamento financeiro de veículos automotores,PJ,Com destinação específica,PJ - Financiamento de infraestrutura/desenvolvimento/projeto e outros créditos,PF - Veículos,,tratamento_2,natureza_nao_publicada
1301,Outros créditos,Avais e fianças honrados,PF,Sem destinação específica,PF - Outros créditos,,,base,
1301,Outros créditos,Avais e fianças honrados,PF,Com destinação específica,PF - Outros créditos,,,base,
1301,Outros créditos,Avais e fianças honrados,PJ,Sem destinação específica,PJ - Outros créditos,,,base,
1301,Outros créditos,Avais e fianças honrados,PJ,Com destinação específica,PJ - Financiamento de infraestrutura/desenvolvimento/projeto e outros créditos,,,base,
1302,Outros créditos,Devedores por compra de valores e bens,PF,Sem destinação específica,PF - Outros créditos,,,base,
1302,Outros créditos,Devedores por compra de valores e bens,PF,Com destinação específica,PF - Outros créditos,,,base,
1302,Outros créditos,Devedores por compra de valores e bens,PJ,Sem destinação específica,PJ - Outros créditos,,,base,
1302,Outros créditos,Devedores por compra de valores e bens,PJ,Com destinação específica,PJ - Financiamento de infraestrutura/desenvolvimento/projeto e outros créditos,,,base,
1303,Outros créditos,Títulos e créditos a receber,PF,Sem destinação específica,,,PF - Outros créditos,ausente_na_planilha,ausente_na_planilha
1303,Outros créditos,Títulos e créditos a receber,PF,Com destinação específica,,,PF - Outros créditos,ausente_na_planilha,ausente_na_planilha
1303,Outros créditos,Títulos e créditos a receber,PJ,Sem destinação específica,PJ - Outros créditos,,,base,
1303,Outros créditos,Títulos e créditos a receber,PJ,Com destinação específica,PJ - Financiamento de infraestrutura/desenvolvimento/projeto e outros créditos,,,base,
1304,Outros créditos,Cartão de crédito - compra à vista e parcelado lojista,PF,Sem destinação específica,PF - Cartão de crédito,,,base,
1304,Outros créditos,Cartão de crédito - compra à vista e parcelado lojista,PF,Com destinação específica,PF - Cartão de crédito,,,base,
1304,Outros créditos,Cartão de crédito - compra à vista e parcelado lojista,PJ,Sem destinação específica,PJ - Outros créditos,,,base,
1304,Outros créditos,Cartão de crédito - compra à vista e parcelado lojista,PJ,Com destinação específica,PJ - Financiamento de infraestrutura/desenvolvimento/projeto e outros créditos,,,base,
1350,Outros créditos,Recebíveis adquiridos,PF,Sem destinação específica,PF - Outros créditos,,,base,
1350,Outros créditos,Recebíveis adquiridos,PF,Com destinação específica,PF - Outros créditos,,,base,
1350,Outros créditos,Recebíveis adquiridos,PJ,Sem destinação específica,PJ - Operações com recebíveis,,,base,
1350,Outros créditos,Recebíveis adquiridos,PJ,Com destinação específica,PJ - Financiamento de infraestrutura/desenvolvimento/projeto e outros créditos,,,base,
1399,Outros créditos,Outros com característica de crédito,PF,Sem destinação específica,,,PF - Outros créditos,ausente_na_planilha,ausente_na_planilha
1399,Outros créditos,Outros com característica de crédito,PF,Com destinação específica,,,PF - Outros créditos,ausente_na_planilha,ausente_na_planilha
1399,Outros créditos,Outros com característica de crédito,PJ,Sem destinação específica,PJ - Outros créditos,,,base,
1399,Outros créditos,Outros com característica de crédito,PJ,Com destinação específica,PJ - Financiamento de infraestrutura/desenvolvimento/projeto e outros créditos,,,base,
